use BD_ContratacionEmpleos
go

INSERT INTO Area(IdArea, Descripcion) 
VALUES
('0001','Minería'), ('0002','Comercial, Ventas y Promociones'), ('0003','Industrial'), 
('0004','Retail'), ('0005','Administracion'), ('0006','Logística'), ('0007','Otros');
		
INSERT INTO Region(IdRegion, Nombre)
VALUES	
('0001','LIMA'), ('0002','JUNIN'), ('0003','CALLAO'), ('0004','LAMBAYEQUE'), ('0005','AREQUIPA'),
('0006','ICA'), ('0007','PIURA'), ('0008','ANCASH'), ('0009','HUANCAVELICA'), ('0010','PASCO'),
('0011','HUANUCO'),('0012','LA LIBERTAD');

INSERT INTO TipoEvaluacion(IdTipoEvaluacion, Nombre)
VALUES
('0001','Conocimientos en computación'),
('0002','CallCenter'),
('0003','Data Skill Plus'),
('0004','Conocimientos Contables'),
('0005','Bright Languaje'),
('0006','Habilidades Industriales batería ultradex'),
('0007','Evualtest');

INSERT INTO Evaluacion(Prueba, Descripcion,TiempoLimite, IdTipoEvaluacion)
VALUES
('Sureskill Word','Mide la aptitud para manejar un procesador de textos. Para administrar la prueba se requiere de una PC, pero no el software específico.','30 minutos','0001'),
('Sureskill Excel','Mide la aptitud para manejar una hoja de cálculos. Para administrar la prueba se requiere una PC, pero no el software específico.','30 minutos','0001'),
('Sureskill PowerPoint','Mide la aptitud para manejar un software para crear presentaciones. Para administrar la prueba se requiere una PC, pero no el software específico.','30 minutos','0001'),
('Sureskill Access','Mide la aptitud para manejar una base de datos. Para administrar la prueba se requiere una PC y el software específico.','30 minutos','0001'),
('Teletest Atención al Cliente','Mide la aptitud para manejar una hoja de cálculos. Para administrar la prueba se requiere una PC, pero no el software específico.','15 minutos','0002'),
('Teletest Telemarketing','Mide la aptitud para manejar una hoja de cálculos. Para administrar la prueba se requiere una PC, pero no el software específico.','15 minutos','0002'),
('Alfanumérica','Mide la velocidad y la precisión en el ingreso de datos alfanuméricos.','10 minutos','0003'),
('Numérica','Mide la velocidad y la precisión en el ingreso de datos numéricos.','10 minutos','0003'),
('Numérica','Mide la velocidad y la precisión en el ingreso de datos numéricos.','45 minutos','0004'),
('Inglés','Mide la habilidad y conocimiento que el postulante tiene sobre un idioma extranjero, desde la comprensión verbal y escrita. Contamos con herramientas disponibles en los idiomas inglés, francés, alemán, holandes, ruso, italiano, portugues, chino y sueco.','85 minutos','0005'),
('Francés','Mide la habilidad y conocimiento que el postulante tiene sobre un idioma extranjero, desde la comprensión verbal y escrita. Contamos con herramientas disponibles en los idiomas inglés, francés, alemán, holandes, ruso, italiano, portugues, chino y sueco.','85 minutos','0005'),
('Alemán','Mide la habilidad y conocimiento que el postulante tiene sobre un idioma extranjero, desde la comprensión verbal y escrita. Contamos con herramientas disponibles en los idiomas inglés, francés, alemán, holandes, ruso, italiano, portugues, chino y sueco.','85 minutos','0005'),
('Holandes','Mide la habilidad y conocimiento que el postulante tiene sobre un idioma extranjero, desde la comprensión verbal y escrita. Contamos con herramientas disponibles en los idiomas inglés, francés, alemán, holandes, ruso, italiano, portugues, chino y sueco.','85 minutos','0005'),
('Ruso','Mide la habilidad y conocimiento que el postulante tiene sobre un idioma extranjero, desde la comprensión verbal y escrita. Contamos con herramientas disponibles en los idiomas inglés, francés, alemán, holandes, ruso, italiano, portugues, chino y sueco.','85 minutos','0005'),
('Italiano','Mide la habilidad y conocimiento que el postulante tiene sobre un idioma extranjero, desde la comprensión verbal y escrita. Contamos con herramientas disponibles en los idiomas inglés, francés, alemán, holandes, ruso, italiano, portugues, chino y sueco.','85 minutos','0005'),
('Portugues','Mide la habilidad y conocimiento que el postulante tiene sobre un idioma extranjero, desde la comprensión verbal y escrita. Contamos con herramientas disponibles en los idiomas inglés, francés, alemán, holandes, ruso, italiano, portugues, chino y sueco.','85 minutos','0005'),
('Chino','Mide la habilidad y conocimiento que el postulante tiene sobre un idioma extranjero, desde la comprensión verbal y escrita. Contamos con herramientas disponibles en los idiomas inglés, francés, alemán, holandes, ruso, italiano, portugues, chino y sueco.','85 minutos','0005'),
('Sueco','Mide la habilidad y conocimiento que el postulante tiene sobre un idioma extranjero, desde la comprensión verbal y escrita. Contamos con herramientas disponibles en los idiomas inglés, francés, alemán, holandes, ruso, italiano, portugues, chino y sueco.','85 minutos','0005'),
('Inspección','Mide la habilidad para detectar defectos e inconsistencias en productos y para categorizar esos defectos de acuerdo a instrucciones específicas. Mide también el deseo de realizar un trabajo de calidad y la atención a los detalles.','31 minutos','0006'),
('Clasificación & Chequeo','Mide la habilidad para clasificar objetos según su número y para distinguir entre números similares en una lista. También mide la habilidad para seguir instrucciones.','29 minutos','0006'),
('Movimientos rápidos y coordinados','Mide la habilidad para coordinar manos y brazos para trasladar objetos de un lugar a otro con movimientos suaves y rítmicos.','25 minutos','0006'),
('Puntería','Mide la habilidad para ejecutar movimientos rápidos y precisos que requieren coordinación manual - visual y flexibilidad de muñeca y dedos.','7 minutos','0006'),
('Armado con herramientas','Mide la habilidad para usar una herramienta de mano para armar o desarmar objetos y la coordinación-bimanual. También mide la habilidad para leer un plano básico.','11 minutos','0006'),
('CI y Armado de Pequeñas Partes','Mide la habilidad para usar los dedos para armar objetos muy pequeños. También mide la habilidad para seguir un diagrama para montar un circuito integrado.','26 minutos','0006'),
('Registro de la Producción','Mide la habilidad para realizar cálculos matemáticos y mantener registros precisos de la producción.','30 minutos','0006'),
('Evaluatest','Herramienta de evaluación que nos permite atraer al mejor talento por medio de exámenes psicométricos y por competencias logrando diagnosticar las habilidades, capacitación, preferencias y valores de cada persona con respecto al perfil del puesto.','30 minutos','0007');

INSERT INTO Director_RRHH(CodDirector,Nombres,Apellidos)
VALUES('0001','Maria Elena','Guerra Garcia'),
('0002', 'Cosme', 'Córomilas Aguila'),
('0003', 'Florentina', 'Del Biltran');

INSERT INTO ContactoEmpresa(DNIContacto, Nombres, Apellidos, Cargo, Telefono, Email)
VALUES	
('75684219','Juan Eduardo','Perez Guevara','Administrador','967850178','juan@gmail.com'), 
('49761238','Luis Jesús','Vargas Jimenez','Administrador','983176425','luis@gmail.com'), 
('37941856','Jorge André','Reyes Álvarez','Administrador','930748361','jorge@gmail.com'),
('71364859','Nicolás','Chávez Juarez','Administrador','910027861','nicolas@gmail.com'),
('48697315','Aarón Daniel','Díaz Huaman','Administrador','965704812','daniel@gmail.com'),
('37840516','Esteban Fabián','Hernandez Monterroza','Administrador','981015078','esteban@gmail.com'),
('14003981','Angie Tatiana','Fernandez Martínez','Administradora','9136745985','angie@gmail.com'),
('18067549','Adriana Marcela','Rey Sanchez','Administradora','946785123','adriana@gmail.com'),
('47684532','Camilo Enrique','Gómez Rodriguez','Administrador','946758137','camilo@gmail.com'),
('74613415','Diana Carolina','López Rodriguez','Administradora','957863215','diana@gmail.com'),
('38497561','Gloria Patricia','Mendoza Alvear','Administradora','946578126','gloria@gmail.com');

INSERT INTO Empresa(IdEmpresa, DNIContacto, Nombre, Rubro, RUC)
VALUES	
('0001','74613415','LAIVE','Consumo Masivo','20473152987'),
('0002','38497561','CATALINA HUANCA SOCIEDAD MINERA S.A.C','Minería','20645748812'),
('0003','47684532','COMPAÑIA MINERA AGREGADOS CALCAREOS S.A.','Minería','20247915873'),
('0004','18067549','CREDICORP','Financiero','20641379852'),
('0005','14003981','QSI PERÚ','Industrial','20425315698'),
('0006','37840516','Compañía Minera Antapaccay S.A.','Minería','20135467985'),
('0007','48697315','Digemed','Industrial','20364984564'),
('0008','71364859','Chazki','Industrial','20705254969'),
('0009','37941856','PROMART','Retail','20650420587'),
('0010','49761238','Sociedad Minera Cerro Verde S.A.A.','Minería','20210468523'),
('0011','75684219','Avon','Higiene Personal','20260468036');

INSERT INTO Postulante(IdPostulante,Nombres,Apellidos,Email,Sexo,TelFijo,TelCelular,TipoDocumento,NroDocumento,FechaNacimiento,EstadoCivil,Provincia,Distrito,Direccion,MovilidadPropia,DisponibilidadViajar,LicenciaConducir,Discapacidad,TipoLicencia, IdRegion)
VALUES
('0001','JUAN CARLOS','VASQUEZ PEREZ','juan.vasquez@gmail.com','Masculino','058-985-625','051-918965896','DNI','78965412','22/03/1978','Casado','Junín','Junín','Av.Ramón Castillo','SI','SI','SI','NO','A-I','0002'),
('0002','PEDRO LUIS','JUAREZ PRADO','pedro123@gmail.com','Masculino','215-478-623','044-962122324','DNI','72965302','14/07/1969','Divorciado','Lima','San Juan de Lurigancho','Av.Del Parque','NO','SI','SI','NO','A-IIa','0001'),
('0003','MARIA','REYES DIESTRA','mariareydies@gmail.com','Femenino','058-985-625','051-985698598','DNI','72945748','25/08/1992','Soltero','Trujillo','Trujillo','Av.Larco','NO','NO','NO','NO', null,'0012'),
('0004','JULIO CESAR','GUERRA AVALOS','juliocesar05@gmail.com','Masculino','159-943-613','051-978965487','DNI','72945747','14/02/1995','Soltero','Junín','Junín','Av.Larco','NO','NO','SI','SI','A-IIIa','0002'),
('0005','MARIA VICTORIA','ANTICONA TORREALVA','maria_anticona@gmail.com','Femenino','526-973-644','051-962563525','DNI','72947848','17/08/1993','Soltero','Lima','Lima','Av.Larco','SI','NO','SI','NO','A-IIIa','0001'),
('0006','KATHERINE ELIANA','ARQUEROS MORENO','arqueroselina@gmail.com','Femenino','048-569-123','051-978754879','DNI','75935748','23/12/1986','Soltero','Ancash','Ancash','Av.Larco','SI','NO','SI','NO','A-IIIb','0008'),
('0007','SEBASTIAN ALONSO','REYES SANDOVAL','sebasreyessandoval@gmail.com','Masculino','147-945-635','051-978487565','DNI','18945748','01/11/1987','Soltero','Trujillo','Trujillo','Av.Larco','SI','SI','NO','SI',null,'0012'),
('0008','ARIANA','REYES DIESTRA','arianareyesdiestra@gmail.com','Femenino','123-945-789','051-987632541','DNI','22945748','06/07/1982','Soltero','Piura','Piura','Av.Larco','NO','SI','NO','NO', null,'0007'),
('0009','AYLENN ANDREA','PRADO LINARES','padrolinaresaylenn@gmail.com','Femenino','654-975-125','051-975632418','DNI','65945848','07/04/1979','Soltero','Trujillo','Trujillo','Av.Larco','SI','NO','SI','NO','A-IIb','0012'),
('0010','ANGGIE','JAUREGUI AVALOS','anggieJaureguiAvalos@gmail.com','Femenino','054-965-987','051-952611002','DNI','85234697','28/07/1988','Soltero','Trujillo','Trujillo','Av.Larco','SI','NO','SI','NO','A-IIa','0012'),
('0011','MARILÚ','MAURICIO GONZALES','marilu.mauricio@gmail.com','Femenino','053-745-651','051-951743807','DNI','78965412','30/12/1992','Soltero','Lambayeque','Lambayeque','Av.Larco','SI','NO','SI','NO','A-IIIc','0004'),
('0012','CARLOS RODRIGO','PRADO JIMENEZ','carlosPrado@gmail.com','Masculino','687-945-639','051-988652136','DNI','35715968','25/10/1985','Casado','Piura','Piura','Av.Larco','NO','NO','SI','NO','B-I','0007'),

('0013','ALEXANDRO JHONATAN ','TIRADO LINO','tirado789.25@gmail.com','Masculino','814-143-687','051-918145896','DNI','21944172','27/11/1967','Casado','Trujillo','Trujillo','Av.Larco','SI','NO','NO','NO', null,'0012'),
('0014','ELBER DIEGO','HERNANDEZ JAUREGUI','elber859@gmail.com','Masculino','492-926-124','044-964922324','DNI','30864409','23/09/1976','Divorciado','Trujillo','Trujillo','Av.Larco','SI','NO','SI','NO','B-IIc','0012'),
('0015','KEYLA LEYNA','JULCA VASQUEZ','keyla781@gmail.com','Femenino','324-249-996','051-983248598','DNI','75368648','16/03/1965','Soltero','Lima','Lima','Av.Larco','SI','NO','SI','SI','A-IIIa','0001'),
('0016','ARNOLD ANCELMO','VASQUEZ CARBAJAL','arnoldvasquez@gmail.com','Masculino','505-054-839','051-975055487','DNI','49276014','12/07/1967','Soltero','Piura','Piura','Av.Larco','SI','NO','SI','NO','A-IIIb','0007'),
('0017','DIEGO ALEXANDER','SANCHEZ CASTILLO','diegosanchez@gmail.com','Masculino','228-288-698','051-962283525','DNI','52863934','17/01/1987','Soltero','Trujillo','Trujillo','Av.Larco','SI','NO','SI','NO','B-IIb','0012'),
('0018','MARCOS  JOSUE','PAULINO OSORIO','paulino.josue@gmail.com','Masculino','368-684-756','051-973684879','DNI','11626659','13/09/1988','Soltero','Lima','Lima','Av.Larco','NO','SI','NO','NO', null,'0001'),
('0019','SERGIO FABIAN','SANCHEZ CRUZ','sanchezcruz@gmail.com','Masculino','222-221-026','051-972227565','DNI','35658795','28/05/1977','Casado','Lambayeque','Lambayeque','Av.Larco','SI','NO','SI','NO','A-IIIc','0004'),
('0020','JOSE MAURICIO','LIMAY POLO','josemau@gmail.com','Masculino','581-812-031','051-985812541','DNI','64863198','16/01/1988','Soltero','Lima','Lima','Av.Larco','SI','NO','SI','NO','A-IIIa','0001'),
('0021','LUIS ALONSO','ZUMAETA CALDERON','luiscalderon@gmail.com','Masculino','044-444-114','051-970442418','DNI','90386609','21/07/1968','Casado','Ancash','Ancash','Av.Larco','SI','NO','NO','SI', null,'0008'),
('0022','KATY NAYELI','LOPEZ QUEZADA','katylopez@gmail.com','Femenino','706-066-546','051-957061002','DNI','17013097','11/05/1979','Soltero','Ica','Ica','Av.Larco','SI','NO','SI','SI','A-IIb','0006'),
('0023','ELYNOR FLORIANNY','MORENO MURCIA','elynor78@gmail.com','Masculino','317-173-782','051-953173807','DNI','70614081','26/08/1971','Soltero','Lambayeque','Lambayeque','Av.Larco','SI','NO','SI','NO','B-IIa','0004'),
('0024','DIANA MILAGROS','GONZALES RIOS','dianamilagros@gmail.com','Femenino','233-336-755','051-982332136','DNI','43467148','15/04/1972','Soltero','Trujillo','Trujillo','Av.Larco','NO','SI','NO','NO',null,'0012'),

('0025','CORALI AMPARITO','MUÑOZ GIL','muñozgil@gmail.com','Femenino','781-840-122','051-951073573','DNI','60545664','27/11/1979','Casado','Trujillo','Trujillo','Av.Larco','SI','NO','SI','NO','A-IIb','0012'),
('0026','SANDRA ESTEFANI','MORALES DIAZ','moralesdiaz@gmail.com','Femenino','985-451-771','044-960435067','DNI','29380617','23/03/1965','Divorciado','Junín','Junín','Av.Ramón Castillo','SI','NO','SI','NO','A-I','0002'),
('0027','JENNYFER MILAGROS','BORJAS ARGUEDA','borjasargueda@gmail.com','Femenino','597-331-894','051-971001941','DNI','24414185','16/02/1991','Soltero','Junín','Junín','Av.Ramón Castillo','SI','SI','SI','NO','A-I','0002'),
('0028','RENZO ALI','ESQUIVEL AGUILAR','esquivelaguilar02@gmail.com','Masculino','335-879-989','051-914761024','DNI','21494933','12/08/1979','Soltero','Lima','Lima','Av.Larco','NO','NO','SI','NO','A-IIIa','0001'),
('0029','SEBASTIAN ALBERTO','ESPINOZA DAVALOS','sebastianespinoza9@gmail.com','Masculino' ,'846-455-186','051-930076928','DNI','90916651','17/06/1977','Soltero','Junín','Junín','Av.Ramón Castillo','SI','SI','SI','NO','A-I','0002'),
('0030','GHILLSON JESUS','BERNALES MUÑOZ','bernalesmuñoz@gmail.com','Masculino','600-405-988','051-985618414','DNI','33175306','13/08/1976','Soltero','Piura','Piura','Av.Larco','SI','NO','NO','SI', null,'0007'),
('0031','EDWIN DANFER','JUAREZ AGUIRRE','juarezaguirre@gmail.com','Masculino','466-987-363','051-913078200','DNI','62374225','28/07/1989','Casado ','Lima','Lima','Av.Larco','NO','NO','SI','NO','A-IIIa','0001'),
('0032','NAYSSA KRISTEL','CHU BUSTAMANTE','chubustamante@gmail.com','Femenino','732-964-529','051-980503985','DNI','98671991','16/08/1977','Casado ','Ancash','Ancash','Av.Larco','SI','NO','SI','NO','B-IIa','0008'),
('0033','JEREMY FARID','PEREIRA VASQUEZ','pereiravasquez@gmail.com','Masculino','158-859-254','051-933352281','DNI','33688606','21/08/1989','Casado ','Lambayeque','Lambayeque','Av.Larco','SI','NO','SI','NO', 'A-IIa','0004'),
('0034','NASHALY NICOLLE','ALAMA TERRONES','alamaTerrones@gmail.com','Femenino','820-989-489','051-957354943','DNI','74679864','11/10/1971','Soltero','Junín','Junín','Av.Ramón Castillo','SI','NO','NO','NO',null,'0002'),
('0035','BRYAN EMMANUEL','CAMPOS TRUJILLO','camposTrujillo@gmail.com','Masculino','294-364-897','051-924361007','DNI','97848605','26/05/1988','Soltero','Piura','Piura','Av.Larco','NO','SI','NO','NO', null,'0007'),
('0036','JOSE JOAQUIN','GUTIERREZ RODRIGUEZ','josejoaquin896@gmail.com','Masculino','201-198-836','051-941024305','DNI','77778801','15/04/1967','Soltero','Piura','Piura','Av.Larco','SI','SI','SI','NO','B-I','0007')
;

INSERT INTO ExperienciaLaboral(IdPostulante,Empresa,Puesto,FechaInicio,AlPresente,FechaFin,PersonasACargo,Salario,IdArea)
VALUES
('0001','GLENCORE','Asistente','19/08/2009','NO','24/06/2010',0,4236.80,'0001'),
('0001','EXPLORACIONES ANDINAS SAC.','INGENIERO JEFE DE MINA','19/08/2018','NO','24/06/2021',2,4236.80,'0001'),
('0001','L.M. SERVICIOS Y SUMINISTROS E.I.R.L.','INSPECTOR DE SEGURIDAD','19/08/2010','NO','24/06/2015',4,4236.80,'0007'),
('0001','MINERA LAYTARUMA S. A.','JEFE DE ZONA CHALA','10/09/2015','NO','26/07/2018',15,4611.85,'0005'),
('0002','GLENCORE','Asistente','10/09/2018','NO','26/08/2020',0,4611.85,'0004'),
('0002','CONSTRUCCIONES CIVILES Y MINERAS (COMILUZ SAC.)','Asistente Residente','10/09/2015','NO','26/08/2016',5,2611.85,'0001'),
('0002','CONSTRUCCIONES CIVILES Y MINERAS (COMILUZ SAC.)','Jefe de Guardia','10/09/2016','NO','26/08/2020',1,4611.85,'0001'),
('0003','VOTORANTIM',         'Asistente','24/08/2014','NO','04/09/2016',0,3254.30,'0002'),
('0003','CONTRATA MINERA ARCA SAC.','INGENIERO DE SEGURIDAD','24/08/2016','NO','04/09/2018',5,4134.30,'0007'),
('0003','MINERA TITAN DEL PERU','INGENIERO JEFE DE MINA','24/08/2018','NO','04/05/2021',7,5134.30,'0001'),
('0004','VOTORANTIM',         'Asistente','05/09/2013','SI',null,3,3692.32,'0003'),
('0004','TUNELEROS CONTRATISTAS DE LA MATA S.A.','INSPECTOR DE SEGURIDAD','05/09/2016','NO','11/09/2019',1,4652.32,'0007'),
('0004','COMPAÑÍA MINERA ARES S.A.C.','JEFE DE GUARDIA','05/10/2019','NO','11/09/2020',4,6692.32,'0007'),
('0005','QUARRY MATERIALS S.A.S.',         'Gerente y Accionista','15/01/2015','SI',null,20,6500.37,'0005'),
('0005','TRENACO MINING AND SERVICES',         'Especialista en planeación minera','15/04/2014','NO','15/06/2014',10,7200.00,'0001'),
('0006','MINERA CASAPALCA',         'Asistente de geomecanica','18/03/2016','SI', null,0,2400.50,'0007'),
('0006','MINERA KOLPA',         'Asistente de geomecanica','15/08/2015','NO','10/03/2016',0,2860.66,'0007'),
('0006','MINERA CASAPALCA',         'Asistente de geomecanica','20/04/2013','NO','20/07/2015',0,2660.86,'0007'),
('0007','GCZ INGENIEROS SAC',           'Supervisor de seguridad','15/04/2013','NO','15/08/2015',5,3509.81,'0007'),
('0007','APROMINC S.R.L LTDA',           'Supervisor de seguridad','30/06/2012','NO','28/01/2013',6,3863.81,'0007'),
('0007','ANDEAN MANGEMENT',           'Coordinador principal','16/02/2012','NO','30/06/2012',12,5816.81,'0004'),
('0008','COMPAÑÍA MINERA SHUNTUR S.A.C.',     'Supervisor de seguridad','20/02/2019','NO','22/10/2019',8,4304.40,'0007'),
('0008','MINERA BARRICK MISQUICHILCA S.A',     'Supervisor de seguridad','10/01/2018','NO','31/12/2018',10,4904.40,'0001'),
('0008','PLANTA CONCENTRADORA DE MINERALES “MESAPATA”',     'Jefe de guardia','02/01/2016','NO','31/12/2016',4,3400.40,'0007'),
('0009','GLENCORE',           'Especialista en planeación minera','02/09/2020','NO','24/03/2021',6,4119.24,'0001'),
('0009','ANDEAN MANGEMENT',           'Asistente','02/09/2020','NO','24/03/2021',3,6500.24,'0005'),
('0009','GLENCORE',           'Especialista en planeación minera','02/09/2020','NO','24/03/2021',4,7800.24,'0001'),
('0010','COMPAÑÍA MINERA ARES S.A.C.',           'Asistente','17/09/2020','NO','04/03/2021',3,2755.21,'0004'),
('0010','MARCOBRE',           'Asistente','17/09/2020','NO','04/03/2021',3,3670.21,'0005'),
('0010','MINERA KOLPA',           'Asistente','17/09/2020','NO','04/03/2021',3,4700.21,'0003'),
('0011','TUNELEROS CONTRATISTAS DE LA MATA S.A.',           'Asistente','19/08/2020','SI',null,1,3951.79,'0003'),
('0011','MARCOBRE',           'Asistente','19/08/2020','NO','03/02/2021',1,4800.79,'0002'),
('0011','MINERA KOLPA',           'Asistente','19/08/2020','NO','03/02/2021',1,6500.79,'0001'),
('0012','MARCOBRE',           'Especialista en planeación minera','28/09/2020','NO','27/02/2021',4,4019.22,'0001'),
('0012','COMPAÑÍA MINERA ARES S.A.C.',           'Asistente','28/09/2020','NO','27/02/2021',4,5500.22,'0005'),
('0012','MARCOBRE',           'Especialista en planeación minera','28/09/2020','NO','27/02/2021',4,6200.22,'0001'),

('0013','SC Ingenieria y construccion',             'Gerente Comercial','13/05/2018','NO','24/06/2021',3,2940.10,'0002'),
('0013','FINANSUR PERÚ',                            'Jefe de division','01/06/2013','NO','24/06/2015',15,3100.10,'0005'),
('0013','Imagen Alternativa S.A.C.',                'Gerente Comercial','14/01/2012','NO','24/06/2013',3,4000.10,'0002'),
('0014','Cosapi',                                   'Gerente','18/06/2020','NO','26/08/2020',20,3200.71,'0004'),
('0014','SISOL',                                    'Gerente','12/05/2019','NO','26/08/2019',30,4300.71,'0004'),
('0015','Corporacion Pesquera Inca S.A.C.',         'Gerente Comercial','22/12/2019','NO','04/09/2020',45,2725.80,'0002'),
('0015','Ascope',                                   'Jefe de division','22/05/2018','NO','04/09/2020',2,3500.80,'0006'),
('0015','Tiaxa',                                    'Gerente','22/05/2018','NO','04/09/2020',12,4600.80,'0006'),
('0016','CREDICOOP AREQUIPA',                       'Gerente','12/09/2018','NO','11/09/2020',3,3949.20,'0005'),
('0016','Michael Page Peru',                        'Jefe de division','30/09/2018','NO','11/09/2020',3,4000.20,'0006'),
('0016','SNC-Lavalin',                              'Gerente','13/05/2019','NO','13/06/2019',3,4900.20,'0006'),
('0017','GLOBAL HITSS',                             'Jefe de division','15/07/2018','NO','26/08/2020',3,2500.49,'0005'),
('0017','COSAPI S.A. Ingeniería y Construcción',    'Gerente','15/07/2018','NO','26/08/2020',3,4000.49,'0006'),
('0017','Llamagas',                                 'Gerente Comercial','15/07/2018','NO','26/08/2020',3,5400.49,'0002'),
('0018','Supermercados Peruanos SA',                'Gerente','19/02/2020','NO','02/05/2021',2,1500.45,'0003'),
('0018','Corporación Mendoza',                      'Gerente','19/02/2020','NO','02/05/2021',13,2900.45,'0003'),
('0018','PROYEC CONTRATISTAS GENERALES S.A',        'Gerente','19/02/2020','NO','02/05/2021',15,3500.45,'0003'),
('0018','TRANSPORTES JHORSA S.A.C.',                'Gerente Comercial','19/02/2020','NO','02/05/2021',2,5000.45,'0002'),
('0019','New Athletic',                             'Jefe de division','08/01/2019','NO','01/03/2021',4,2500.23,'0005'),
('0019','SEMZA',                                    'Gerente','08/01/2019','NO','01/03/2021',3,3600.23,'0006'),
('0020','Lopesa Industrial S.A.',                   'Jefe de division','12/10/2019','NO','16/03/2021',4,2100.57,'0005'),
('0020','Solpack S.A.C.',                           'Gerente Comercial','12/10/2019','NO','16/03/2021',5,3400.57,'0002'),
('0020','Danper Trujillo SAC',                      'Gerente','12/10/2019','NO','16/03/2021',30,4000.57,'0005'),
('0021','FH PERU',                                  'Gerente','20/11/2020','NO','24/03/2021',17,2400.97,'0006'),
('0021','VELPON S.R.L',                             'Gerente','20/11/2020','NO','24/03/2021',10,3400.97,'0004'),
('0021','Negociación KIO S.A.C.',                   'Gerente Comercial','20/11/2020','NO','24/03/2021',3,4500.97,'0002'),
('0022','Canvia',                                   'Gerente','02/12/2020','NO','04/03/2021',5,1000.70,'0005'),
('0022','AHP HEADHUNTING',                          'Jefe de division','02/12/2020','NO','04/03/2021',5,2400.70,'0006'),
('0022','AID INGENIEROS',                           'Gerente','02/12/2020','NO','04/03/2021',5,3000.70,'0004'),
('0023','MAYU PATAPI S.A.C.',                       'Gerente','08/05/2020','NO','03/02/2021',2,2640.80,'0004'),
('0023','Geotec S.A.',                              'Gerente Comercial','08/05/2020','NO','03/02/2021',3,3200.80,'0002'),
('0023','FINANSUR PERÚ',                            'Jefe de division','08/05/2020','NO','03/02/2021',4,4000.80,'0005'),
('0024','GRUPO ROKYS',                              'Gerente','11/12/2020','NO','27/02/2021',7,2700.17,'0005'),
('0024','FIRENO SAC',                               'Gerente Comercial','11/12/2020','NO','27/02/2021',15,3400.17,'0002'),
('0024','DON UGO SAC',                              'Gerente','11/12/2020','NO','27/02/2021',10,4100.17,'0004'),

('0025','CONTRATA MINERA ARCA SAC.',                        'Asistente','22/08/2018','NO','17/06/2021',1,2700.90,'0001'),
('0025','TUNELEROS CONTRATISTAS DE LA MATA S.A.',           'Asistente','22/08/2018','NO','17/06/2021',2,3500.90,'0001'),
('0025','GLENCORE',                                         'Asistente','22/08/2018','NO','17/06/2021',0,5000.90,'0005'),
('0025','L.M. SERVICIOS Y SUMINISTROS E.I.R.L.',            'JEFE DE GUARDIA','22/08/2018','NO','17/06/2021',8,6600.90,'0007'),
('0026','GLENCORE',                                         'JEFE DE GUARDIA','21/09/2018','NO','24/08/2020',4,2600.00,'0007'),
('0026','CONTRATA MINERA ARCA SAC.',                        'Asistente','21/09/2018','NO','24/08/2020',1,3000.00,'0001'),
('0026','GLENCORE',                                         'INGENIERO JEFE DE MINA','21/09/2018','NO','24/08/2020',6,4120.00,'0001'),
('0027','L.M. SERVICIOS Y SUMINISTROS E.I.R.L.',            'Asistente','26/08/2018','NO','26/09/2020',7,2700.69,'0006'),
('0027','VOTORANTIM',                                       'Asistente','26/08/2018','NO','26/09/2020',4,3600.69,'0005'),
('0027','CONTRATA MINERA ARCA SAC.',                        'INGENIERO JEFE DE MINA','26/08/2018','NO','26/09/2020',3,4800.69,'0001'),
('0028','L.M. SERVICIOS Y SUMINISTROS E.I.R.L.',            'Asistente','17/09/2018','NO','15/09/2020',1,2500.97,'0001'),
('0028','TUNELEROS CONTRATISTAS DE LA MATA S.A.',           'JEFE DE GUARDIA','17/09/2018','NO','15/09/2020',1,3700.97,'0007'),
('0028','VOTORANTIM',                                       'Asistente','17/09/2018','NO','15/09/2020',0,4500.97,'0001'),
('0029','L.M. SERVICIOS Y SUMINISTROS E.I.R.L.',            'INGENIERO JEFE DE MINA','17/09/2018','NO','10/08/2020',0,3200.73,'0001'),
('0029','VOTORANTIM',                                       'JEFE DE GUARDIA','17/09/2018','NO','10/08/2020',4,4500.73,'0007'),
('0029','VOTORANTIM',                                       'JEFE DE GUARDIA','17/09/2018','NO','10/08/2020',4,6000.73,'0007'),
('0029','CONTRATA MINERA ARCA SAC.',                        'INGENIERO JEFE DE MINA','17/09/2018','NO','10/08/2020',4,6500.73,'0001'),
('0030','VOTORANTIM',                                       'Asistente','27/08/2020','NO','13/05/2021',5,3200.63,'0002'),
('0030','TUNELEROS CONTRATISTAS DE LA MATA S.A.',           'INGENIERO JEFE DE MINA','27/08/2020','NO','13/05/2021',5,3900.63,'0001'),
('0030','VOTORANTIM',                                       'INGENIERO JEFE DE MINA','27/08/2020','NO','13/05/2021',5,4600.63,'0001'),
('0031','GLENCORE',                                         'Asistente','19/09/2019','NO','24/03/2021',1,3506.43,'0005'),
('0031','L.M. SERVICIOS Y SUMINISTROS E.I.R.L.',            'Asistente','19/09/2019','NO','24/03/2021',0,4000.43,'0003'),
('0031','GLENCORE',                                         'INGENIERO JEFE DE MINA','19/09/2019','NO','24/03/2021',1,5100.43,'0001'),
('0032','TRAFIGURA PERU',                                   'Asistente','15/09/2019','NO','27/03/2021',1,2500.70,'0002'),
('0032','CONTRATA MINERA ARCA SAC.',                        'Asistente','15/09/2019','NO','27/03/2021',1,3600.70,'0002'),
('0032','TRAFIGURA PERU',                                   'INGENIERO JEFE DE MINA','15/09/2019','NO','27/03/2021',1,5500.70,'0001'),
('0033','GLENCORE',                                         'Asistente','14/09/2020','NO','21/03/2021',0,3500.46,'0006'),
('0033','TUNELEROS CONTRATISTAS DE LA MATA S.A.',           'Asistente','14/09/2020','NO','21/03/2021',0,4100.46,'0007'),
('0033','L.M. SERVICIOS Y SUMINISTROS E.I.R.L.',            'INGENIERO JEFE DE MINA','14/09/2020','NO','21/03/2021',1,4500.46,'0001'),
('0034','MARCOBRE',                                         'INGENIERO JEFE DE MINA','27/09/2020','NO','13/03/2021',5,4974.68,'0001'),
('0035','CONTRATA MINERA ARCA SAC.',                        'Asistente','16/08/2020','NO','16/02/2021',0,4833.10,'0005'),
('0036','TUNELEROS CONTRATISTAS DE LA MATA S.A.',           'Asistente','11/09/2020','NO','19/02/2021',0,3154.20,'0004')
;

INSERT INTO Estudios(IdPostulante,GradoAcademico,Institucion,Carrera,FechaInicio,AlPresente,FechaFin)
VALUES
('0001','Colegiado Activo','Universidad Nacional de Ingenieros','Ingeniería de Minas','15/03/2005','NO','20/12/2010'),
('0002','Colegiado Inactivo','Universidad Nacional de Trujillo','Ingeniería de Sistemas','12/03/1997','NO','15/12/2002'),
('0003','Egresado','Universidad Privada del Norte','Ingeniería de Minas','07/03/2002','NO','23/12/2007'),
('0004','Bachiller','Universidad Privada Antenor Orrego','Ingeniería Mecánica','01/08/2016','SI',null),
('0005','Colegiado Activo','Universidad Cesar Vallejo','Ingeniería Agroindustrial','15/04/2013','NO','12/12/2019'),
('0006','Egresado','Universidad Nacional de Ingenieros','Ingeniería de Minas','17/03/2004','NO','26/12/2009'),
('0007','Egresado','Universidad Nacional de Trujillo','Informática','14/03/2007','NO','22/12/2012'),
('0008','Colegiado Activo','Universidad Nacional de Trujillo','Ingeniería de Minas','08/03/2017','SI',null),
('0009','Egresado','Universidad Nacional de Piura','Ingeniería de Minas','11/03/1999','NO','16/12/2005'),
('0010','Bachiller','Universidad Peruana los Andes','Ingeniería de Sistemas','15/03/2008','NO','17/02/2014'),
('0011','Egresado','Universidad Peruana los Andes','Ingeniería de Minas','15/03/2015','NO','13/12/2020'),
('0012','Egresado','Universidad Peruana los Andes','Marketing','15/03/2010','NO','21/06/2016'),

('0013','Colegiado Activo','Universidad Nacional de Ingenieros',  'Administración','15/03/2005','NO','19/12/2010'),
('0014','Colegiado Inactivo','Universidad Nacional de Trujillo',  'Contabilidad','12/03/1997','NO','20/12/2003'),
('0015','Egresado','Universidad Privada del Norte',               'Administración','07/03/2002','NO','20/12/2007'),
('0016','Bachiller','Universidad Privada Antenor Orrego',         'Psicología','01/08/2013','NO','19/12/2018'),
('0017','Colegiado Activo','Universidad Cesar Vallejo',           'Contabilidad','15/04/2018','SI',null),
('0018','Egresado','Universidad Nacional de Ingenieros',          'Administración','17/03/2004','NO','17/12/2009'),
('0019','Egresado','Universidad Nacional de Trujillo',            'Educación','14/03/2007','NO','20/12/2012'),
('0020','Bachiller','Universidad Nacional de Trujillo',			  'Contabilidad','08/03/2017','SI',null),
('0021','Egresado','Universidad Nacional de Piura',               'Matemáticas','15/03/1999','NO','17/12/2004'),
('0022','Bachiller','Universidad Peruana los Andes',              'Administración','15/03/2008','NO','19/12/2014'),
('0023','Egresado','Universidad Peruana los Andes',               'Derecho','15/03/2017','SI',null),
('0024','Egresado','Universidad Peruana los Andes',               'Medicina','15/03/2010','NO','19/12/2016'),

('0025','Colegiado Activo','Universidad Nacional de Ingenieros',  'Diseño gráfico','15/03/2005','NO','16/12/2011'),
('0026','Colegiado Inactivo','Universidad Nacional de Trujillo',  'Ingeniería de software','12/03/1997','NO','20/12/2002'),
('0027','Egresado','Universidad Privada del Norte',               'Ingeniería de Minas','07/03/2002','NO','16/12/2007'),
('0028','Bachiller','Universidad Privada Antenor Orrego',         'Física','01/08/2013','NO','20/12/2019'),
('0029','Colegiado Activo','Universidad Cesar Vallejo',           'Ingeniería de Negocios Internacionales','15/04/2018','SI',null),
('0030','Egresado','Universidad Nacional de Ingenieros',          'Ingeniería Industrial','17/03/2004','NO','16/12/2009'),
('0031','Egresado','Universidad Nacional de Trujillo',            'Ingeniería de Minas','14/03/2007','NO','16/12/2012'),
('0032','Colegiado Activo','Universidad Nacional de Trujillo',    'Economía','08/03/2017','SI',null),
('0033','Egresado','Universidad Nacional de Piura',               'Ingeniería de Minas','15/03/1999','NO','18/12/2004'),
('0034','Bachiller','Universidad Peruana los Andes',              'Medicina','15/03/2008','NO','20/12/2013'),
('0035','Egresado','Universidad Peruana los Andes',               'Ingeniería de Materiales','15/03/2017','SI',null),
('0036','Egresado','Universidad Peruana los Andes',               'Ingeniería Empresarial','15/03/2010','NO','16/12/2016');

INSERT INTO EstudiosPostgrado(IdPostulante, TipoEstudios, NombreEstudio, Institucion, FechaInicio, AlPresente, FechaFin)
VALUES
('0013','Curso','Curso de Dirección en Ventas','ESAN','12/03/2017','NO','30/07/2017'),
('0001','Diplomado','Diplomatura de Especialización en Seguridad y Salud en el Trabajo','Pontificia Universidad Católica del Perú','01/02/2016','NO','25/09/2016'),
('0012','Diplomado','Gerencia de Seguridad y Salud Ocupacional','ESAN','05/04/2018','NO','27/10/2018'),
('0009','Maestría','Maestría en Salud, Seguridad y Medio Ambiente','Universidad San Martín','01/07/2016','SI',null),
('0022','Especialización','Especialización en Coaching y Consultoría','Universidad Ricardo Palma','17/09/2014','NO','30/08/2015'),
('0014','Maestría','Maestría en Marketing y Gestión Comercial','Universidad Tecnológica del Perú','19/11/2017','NO','20/09/2019'),
('0033','Maestría','Ing. Industrial con mención en Gestión de la Calidad y la Productividad','Universidada Federico Villarreal','06/11/2011','NO','26/10/2013');

INSERT INTO Referencias(IdPostulante,Nombres,Apellidos,Correo,Telefono,TipoReferencia,TipoRelacion,Empresa,Puesto)
VALUES
('0001','BRITNEY NICOL','PINTADO PEREZ','pintadoperez@gmail.com','916665344','Laboral','Fue mi Compañero','GLENCORE','Asistente Profesional'),
('0002','DAYNA YARITO','AZAÑERO AGUILAR','daynaazañero@gmail.com','979975246','De estudio','Fue mi profesor',null,null),
('0003','JUDITH MARY','AVILA RODRIGUEZ','judith89mary@gmail.com','921266165','Laboral','Fui su jefe','VOTORANTIM','Jefe de Guardia Mina'),
('0004','SAMIR ABNER TEODORO','RAMIREZ CAMPOS', 'samire985@gmail.com','978718711','De estudio','Fui su Compañero',null,null),
('0005','ESTRELLA AINARA ELOISA','CHAFLOQUE LOPEZ','alessvenegas@gmail.com','922809722','Laboral','Fui su jefe','MINERA LAS BAMBAS','Jefe de Guardia Mina – Relleno Hidráulico'),
('0006','WILMER JOEL','SIFUENTES PAREDES','alessvenegas@gmail.com','907400904','Laboral','Fue mi Compañero','MARCOBRE','Supervisor de Mina'),
('0007','CESAR AGUSTO','MENDOZA IBAÑEZ','mendozaCesar@gmail.com','947158740','Laboral','Fue mi jefe','ANGLO AMERICAN','Asistente Profesional'),
('0008','NICOL STEFANY','RUIZ CASTILLO ','ruizcastillo@gmail.com','998757918','Laboral','Fue mi jefe','ANTAMINA','Supervisor de área'),
('0009','KEIRA BRIGETTE','SUAREZ MURILLO','suarezkeira@gmail.com','949605073','Laboral','Fue mi Compañero','ANTAMINA','Asistente Profesional'),
('0010','DAMARIS LUCERO','CELIS CASTRO  ','celiscastrodamaris@gmail.com','999794800','Laboral','Fue mi jefe','VOTORANTIM','Asistente Profesional'),
('0011','ROSA MAYELI','MORENO NIEVES ','rosamorenonieves@gmail.com','900103887','Laboral','Fue mi jefe','SHOUGANG','Asistente Profesional'),
('0012','MILAGRITOS NOEMI','APONTE IBAÑEZ ','milagritosaponte@gmail.com','960239233','De estudio','Fue mi profesor',null,null),
('0013','ANNA GABRIELA','LA ROSA RODRIGUEZ','annalarosa@gmail.com','962239749','Laboral','Fue mi Compañero','MINERA LAS BAMBAS','Asistente Profesional'),

('0014','BRITNEY NICOL','PINTADO PEREZ','pintadoperez@gmail.com','916665344','Laboral','Fue mi jefe','GLENCORE','Asistente Profesional'),
('0015','DAYNA YARITO','AZAÑERO AGUILAR','daynaazañero@gmail.com','979975246','De estudio','Fue mi profesor','SHOUGANG','Asistente Superintendente de Planeamiento'),
('0016','JUDITH MARY','AVILA RODRIGUEZ','judith89mary@gmail.com','921266165','Laboral','Fui su jefe','VOTORANTIM','Jefe de Guardia Mina'),
('0017','SAMIR ABNER TEODORO','RAMIREZ CAMPOS', 'samire985@gmail.com','978718711','De estudio','Fue mi compañero',null,null),
('0018','ESTRELLA AINARA ELOISA','CHAFLOQUE LOPEZ','estrellachafloque@gmail.com','922809722','Laboral','Fui su jefe','MINERA LAS BAMBAS','Jefe de Guardia Mina – Relleno Hidráulico'),
('0019','WILMER JOEL','SIFUENTES PAREDES','alessvenegas@gmail.com','907400904','Laboral','Fue mi Compañero','MARCOBRE','Supervisor de Mina'),
('0020','CESAR AGUSTO','MENDOZA IBAÑEZ','mendozaCesar@gmail.com','947158740','Laboral','Fue mi jefe','ANGLO AMERICAN','Asistente Profesional'),
('0021','NICOL STEFANY','RUIZ CASTILLO ','ruizcastillo@gmail.com','998757918','De estudio','Fue mi profesor',null,null),
('0022','KEIRA BRIGETTE','SUAREZ MURILLO','suarezkeira@gmail.com','949605073','Laboral','Fue mi Compañero','ANTAMINA','Asistente Profesional'),
('0023','DAMARIS LUCERO','CELIS CASTRO  ','celiscastrodamaris@gmail.com','999794800','Laboral','Fue mi jefe','VOTORANTIM','Asistente Profesional'),
('0024','ROSA MAYELI','MORENO NIEVES ','rosamorenonieves@gmail.com','900103887','Laboral','Fue mi Compañero','SHOUGANG','Asistente Profesional'),
('0025','MILAGRITOS NOEMI','APONTE IBAÑEZ ','milagritosaponte@gmail.com','960239233','De estudio','Fue mi profesor',null,null),
('0026','ANNA GABRIELA','LA ROSA RODRIGUEZ','annalarosa@gmail.com','962239749','Laboral','Fue mi jefe','MINERA LAS BAMBAS','Asistente Profesional');

INSERT INTO Idiomas(IdPostulante, Idioma, Nivel)
VALUES 	('0001','Inglés','Avanzado'),
	('0002','Inglés','Intermedio'),
	('0002','Francés','Básico'),
	('0003','Alemán','Avanzado'),
	('0004','Inglés','Básico'),
	('0005','Inglés','Intermedio'),
	('0005','Alemán','Intermedio'),
	('0006','Inglés','Avanzado'),
	('0006','Francés','Intermedio'),
	('0007','Inglés','Intermedio'),
	('0007','Italiano','Avanzado'),
	('0008','Italiano','Intermedio'),
	('0009','Inglés','Básico'),
	('0010','Inglés','Intermedio'),
	('0010','Alemán','Básico'),
	('0011','Inglés','Avanzado'),
	('0011','Francés','Básico'),
	('0011','Italiano','Básico'),
	('0012','Inglés','Básico'),
	('0012','Italiano','Intermedio'),
	('0013','Inglés','Básico'),
	('0014','Frances','Básico'),
	('0014','Inglés','Básico'),
	('0015','Inglés','Avanzado'),
	('0015','Alemán','Básico'),
	('0016','Inglés','Intermedio'),
	('0017','Inglés','Básico'),
	('0017','Italiano','Básico'),
	('0018','Inglés','Avanzado'),
	('0019','Italiano','Intermedio'),
	('0020','Inglés','Básico'),
	('0020','Italiano','Avanzado'),
	('0021','Inglés','Intermedio'),
	('0021','Francés','Básico'),
	('0022','Inglés','Avanzado'),
	('0022','Alemán','Intermedio'),
	('0023','Inglés','Intermedio'),
	('0024','Francés','Básico'),
	('0025','Inglés','Experto'),
	('0025','Italiano','Básico'),
	('0026','Inglés','Intermedio'),
	('0026','Alemán','Básico'),
	('0027','Inglés','Avanzado'),
	('0028','Inglés','Intermedio'),
	('0028','Italiano','Básico'),
	('0029','Italiano','Intermedio'),
	('0030','Inglés','Básico'),
	('0031','Inglés','Intermedio'),
	('0031','Italiano','Básico'),
	('0032','Italiano','Intermedio'),
	('0032','Inglés','Avanzado'),
	('0033','Inglés','Avanzado'),
	('0034','Inglés','Intermedio'),
	('0035','Francés','Intermedio'),
	('0035','Inglés','Básico'),
	('0036','Alemán','Básico'),
	('0036','Inglés','Básico');

INSERT INTO Software(IdPostulante, Software, Nivel)
VALUES
('0001','AutoCAD','Avanzado'),
('0001','Excel','Intermedio'),
('0002','Python','Básico'),
('0002','Visio','Básico'),
('0003','AutoCAD','Avanzado'),
('0004','AutoCAD','Intermedio'),
('0005','AutoCAD','Avanzado'),
('0005','Excel','Avanzado'),
('0006','AutoCAD','Intermedio'),
('0006','Excel','Intermedio'),
('0007','AutoCAD','Avanzado'),
('0008','Excel','Avanzado'),
('0009','AutoCAD','Avanzado'),
('0010','Excel','Intermedio'),
('0011','AutoCAD','Avanzado'),
('0012','Python','Básico'),
('0013','Excel','Básico'),
('0014','Word','Intermedio'),
('0015','Excel','Básico'),
('0016','Excel','Avanzado'),
('0017','Excel','Intermedio'),
('0018','Excel','Básico'),
('0018','Word','Intermedio'),
('0019','Excel','Intermedio'),
('0019','Photoshop','Intermedio'),
('0020','Excel','Básico'),
('0021','Excel','Avanzado'),
('0022','Excel','Intermedio'),
('0022','CRM','Intermedio'),
('0023','Excel','Básico'),
('0024','Excel','Básico'),
('0025','Excel','Avanzado'),
('0026','Excel','Básico'),
('0026','Python','Básico'),
('0027','Excel','Intermedio'),
('0027','AutoCAD','Intermedio'),
('0028','Excel','Básico'),
('0029','Excel','Avanzado'),
('0029','AutoCAD','Básico'),
('0030','Excel','Básico'),
('0031','Excel','Intermedio'),
('0032','AutoCAD','Intermedio'),
('0033','AutoCAD','Básico'),
('0033','Python','Intermedio'),
('0034','AutoCAD','Avanzado'),
('0035','AutoCAD','Intermedio'),
('0035','Excel','Básico'),
('0036','AutoCAD','Avanzado');

INSERT INTO Oferta(IdEmpresa,Descripcion,FechaPublicacion,TipoHorario,NivelLaboral,DisponibilidadViajar,MovilidadPropia,Discapacidad,IdRegion,IdArea,FechaFin,LicenciaConducir,TipoLicencia)
VALUES ('0002','Supervisor de Operaciones','01/08/2021','Tiempo completo','Jefe / Supervisor / Responsable','NO','SI','SI','0002','0001','01/09/2021','SI','A-IIb'),
('0001','Supervisor(a) de canal Tradicional.','18/08/2021','Tiempo completo','Jefe / Supervisor / Responsable','NO','NO','SI','0001','0002','18/10/2021','NO',null),
('0003','Técnico(a) de Limpieza Industrial - Parada de Planta','18/08/2021','Tiempo completo','Operarios','NO','NO','SI','0002','0001','18/10/2021','SI','A-I'),
('0004','Capacitador / Coaching Comercial.','18/08/2021','Tiempo completo','Jefe / Supervisor / Responsable','NO','NO','SI','0001','0002','18/10/2021','NO',null),
('0005','Ingeniero(a) de Productividad y Costos','18/08/2021','Tiempo completo','Otros','NO','NO','SI','0001','0007','18/10/2021','NO',null),
('0006','Operador(a) de Montacarga','18/08/2021','Tiempo completo','Operarios','NO','NO','SI','0001','0003','18/10/2021','NO',null),
('0007','Operador(a) de Tractor D11T /  D475A  / D375A.','17/08/2021','Tiempo completo','Operarios','SI','NO','SI','0001','0001','17/10/2021','SI','A-IIIc'),
('0008', 'Coordinador(a) de Distribución','17/08/2021','Tiempo completo','Jefe / Supervisor / Responsable','SI','NO','SI','0001','0003','17/10/2021','NO',null),
('0009','Promotor(a) de Ventas / Experto en Línea Blanca.','17/08/2021','Tiempo completo','Senior','NO','SI','SI','0004','0004','17/10/2021','NO',null),
('0010','Operador(a) de Cargador Frontal Frontal CAT 994K.','17/08/2021','Tiempo completo','Operarios','NO','SI','NO','0001','0007','17/10/2021','SI','A-IIa')
;

INSERT INTO Requerimiento(CodOferta,Descripcion,Prioridad)
VALUES 
(1,'Técnicos Egresado / Título en la Especialidad relacionadas a Higiene y/o Seguridad','Alta'),
(1,'Conocimiento en el área de Seguridad y Salud','Alta'),
(1,'Experiencia de 2 años en las actividades de Seguridad o Higiene Ocupacional','Alta'),
(1,'Experiencia en operaciones interior mina.','Alta'),
(1,'Conocimiento sobre procedimientos e instructivos específicos de seguridad y salud ocupacional','Media'),
(1,'Conocimientos sobre los peligros y riesgos en operaciones en mina','Media'),
(1,'Conocimiento de parámetros en temas de LMP de distintos factores de riesgo en materia de salud (higiene ocupacional).','Baja'),
(1,'Conocimiento en uso de equipos de monitoreo de agentes.','Media'),
(2,'Contar con experiencia mínima de 2 años en posiciones de liderazgo y supervisión de mercaderistas','Alta'),
(2,'Conocimiento y manejo de cartera de clientes de canal tradicional y Horizontal (Mercados y bodegas), de preferencia con disponibilidad para supervisar en todo Lima Metropolitana','Media'),
(3,'Ingenieros Titulados Colegiado y habitados (carreras: Ingeniería de Minas, Higiene y Seguridad, Seguridad Industrial y Mina, Geología, Metalurgia y Química.','Alta'),
(3,'Mínimo de 5 años en la actividad minera y en el área de Seguridad y Salud','Alta'),
(3,'Especialización en Sistema Integrado de Gestión / Gestión de Seguridad (deseable)','Media'),
(3,'Conocimiento de ISO 45001:2018','Alta'),
(3,'Conocimiento en Reglamento de Seguridad y salud ocupacional en minería','Media'),
(3,'Conocimiento sobre procedimientos e instructivos específicos de seguridad y salud ocupacional','Alta'),
(3,'Conocimientos sobre los peligros y riesgos en operaciones en mina','Alta'),
(3,'Experiencia en investigaciones de accidentes','Media'),
(3,'Experiencia en inspecciones de seguridad, levantamiento de observaciones, evaluación de peligros potenciales existentes en la labor.','Alta');

INSERT INTO Funciones(CodOferta,Descripcion)
VALUES
(1,'Seguimiento a la evaluación de controles estipulados en la identificación de riesgos que pueden afectar a la salud en el lugar de trabajo'),
(1,'Monitoreo de factores y agentes de los puestos de trabajo que pueden afectar a la salud'),
(1,'Ejecutar programa de capacitación referido a temas de higiene, para prevenir enfermedades ocupacionales'),
(1,'Seguimiento al programa anual de Salud, de acuerdo con lo planificado en el PASSO de la unidad minera'),
(1,'Inspección en campo de actividades desarrolladas en la unidad minera, para verificar actos y condiciones que se pueden generar; así como el cumplimiento de los requisitos de higiene a través de los estándares de salud'),
(1,'Coordinar los monitoreos'),
(1,'Inspección en campo (100%)'),
(2,'Monitorear plan de cobertura y gestión de mercaderistas en base al Gantt emitido al cliente'),
(2,'Reporte de tareo (asistencia de mercaderistas)'),
(2,'Reportar las acciones y promociones de la competencia'),
(2,'Reporte proyectado de ruta'),
(2,'Evaluación de las exhibiciones en los PDV'),
(2,'Reporte de desarrollo de actividades y cumplimiento de metas'),
(3,'Paralizar todas las actividades que estén en condiciones inseguras'),
(3,'Realizar la verificación de libros del Comité Central, libros de seguridad, así como verificar las acciones que permitan asegurar la aplicación de medidas de seguridad necesarias.'),
(3,'Realizar auditorías e inspecciones a las diversas áreas de la unidad, así como a las empresas especializadas, en materia de cumplimiento de seguridad'),
(3,'Realizar inspecciones de peligros y evaluación de riesgos (IPERC) para detección y control de estos, aplicando las herramientas de gestión.'),
(3,'Organizar las brigadas de la unidad minera; así como el equipamiento de respuesta ante emergencia en la unidad'),
(3,'Manejar y aplicar el sistema de gestión integrado asegurando el cumplimiento de la normativa adoptada'),
(3,'Desarrollar procesos de reuniones con empresas contratistas en la unidad minera en materia de seguridad y salud'),
(3,'Realizar fiscalizaciones y cumplimiento de requisitos de estándares de gestión y operacionales para verificación de cumplimiento'),
(3,'Cumplir y hacer cumplir las normas del Reglamento Interno de Trabajo, Seguridad y de los sistemas de gestión aplicables a su unidad');

INSERT INTO Beneficios(CodOferta,Descripcion)
VALUES
(1,'Bono de Gratificación 15% adicional a la gratificación de acuerdo con ley'),
(1,'Bono por Asistencia Perfecta: De manera trimestral se otorga S/500 '),
(1,'Alimentación 100%'),
(1,'Transporte al 100%'),
(1,'Los servicios higiénicos se comparten, pero con todos los protocolos de seguridad'),
(1,'Habitaciones separadas'),
(1,'EPS al 100% plan base trabajador y a beneficiarios directos'),
(1,'Seguro de vida ley'),
(2,'Ser parte de la planilla Manpower, empresa Transnacional sólida en el mercado'),
(2,'Todos los beneficios que corresponden por ley'),
(2,'Capacitación constante'),
(3,'Bono de Gratificación 15% adicional a la gratificación de acuerdo con ley '),
(3,'Bono de Desempeño: anual'),
(3,'Bono por Asistencia Perfecta'),
(3,'Alimentación 100%'),
(3,'Transporte al 100%'),
(3,'Los servicios higiénicos se comparten, pero con todos los protocolos de seguridad'),
(3,'Habitaciones separadas'),
(3,'EPS al 100% plan base trabajador y a beneficiarios directos'),
(3,'Seguro de vida ley');

INSERT INTO Oferta_Evaluacion(IdEvaluacion,CodOferta,CalificacionMinima)
VALUES 
(1,1,12),
(4,2,15),
(1,3,15),
(1,4,13),
(7,5,14),
(10,6,14),
(1,7,14),
(10,8,14),
(1,10,14)
;


INSERT INTO Postulacion_Preseleccion(IdPostulante,CodOferta,FechaPostulacion)
VALUES
('0001',1,'24/08/2021'),
('0002',1,'26/08/2021'),
('0003',1,'04/08/2021'),
('0004',1,'11/08/2021'),
('0005',1,'26/08/2021'),
('0006',1,'02/08/2021'),
('0007',1,'01/08/2021'),
('0008',1,'16/08/2021'),
('0009',1,'24/08/2021'),
('0010',1,'04/08/2021'),
('0011',1,'03/08/2021'),
('0012',1,'27/08/2021'),
('0013',1,'26/08/2021'),

('0002', 2, '25/08/2021'),
('0013',2,'05/09/2021'),
('0014',2,'28/08/2021'),
('0015',2,'30/08/2021'),
('0016',2,'06/09/2021'),
('0017',2,'28/08/2021'),
('0018',2,'20/09/2021'),
('0019',2,'26/08/2021'),
('0020',2,'21/08/2021'),
('0021',2,'27/08/2021'),
('0022',2,'26/08/2021'),
('0023',2,'19/08/2021'),
('0024',2,'27/08/2021'),

('0002', 3, '17/08/2021'),
('0025',3,'19/08/2021'),
('0026',3,'10/09/2021'),
('0027',3,'24/08/2021'),
('0028',3,'05/09/2021'),
('0029',3,'24/09/2021'),
('0030',3,'27/08/2021'),
('0031',3,'11/09/2021'),
('0032',3,'25/09/2021'),
('0033',3,'02/09/2021'),
('0034',3,'17/09/2021'),
('0035',3,'19/08/2021'),
('0036',3,'28/09/2021')
;

INSERT INTO Postulante_Evaluacion(IdPostulante,IdEvaluacion,CodOferta,FechaEvaluacion,Calificacion)
VALUES
('0001',1,1,'18/09/2021',13),
('0002',1,1,'18/09/2021',19),
('0003',1,1,'18/09/2021',2),
('0004',1,1,'18/09/2021',8),
('0005',1,1,'18/09/2021',14),
('0006',1,1,'18/09/2021',10),
('0007',1,1,'18/09/2021',15),
('0008',1,1,'18/09/2021',3),
('0009',1,1,'18/09/2021',9),
('0010',1,1,'18/09/2021',14),
('0011',1,1,'18/09/2021',17),
('0012',1,1,'18/09/2021',8),

('0002', 4, 2, '15/09/2021', 13),
('0013',4,2,'15/09/2021',19),
('0014',4,2,'15/09/2021',4),
('0015',4,2,'15/09/2021',17),
('0016',4,2,'15/09/2021',16),
('0017',4,2,'15/09/2021',19),
('0018',4,2,'15/09/2021',15),
('0019',4,2,'15/09/2021',17),
('0020',4,2,'15/09/2021',19),
('0021',4,2,'15/09/2021',15),
('0022',4,2,'15/09/2021',17),
('0023',4,2,'15/09/2021',11),
('0024',4,2,'15/09/2021',18),

('0025',1,3,'26/08/2021',17),
('0026',1,3,'26/08/2021',13),
('0027',1,3,'26/08/2021',2),
('0028',1,3,'26/08/2021',14),
('0029',1,3,'26/08/2021',8),
('0030',1,3,'26/08/2021',7),
('0031',1,3,'26/08/2021',11),
('0032',1,3,'26/08/2021',15),
('0033',1,3,'26/08/2021',12),
('0034',1,3,'26/08/2021',5),
('0035',1,3,'26/08/2021',13),
('0036',1,3,'26/08/2021',13);

INSERT INTO Postulacion_Seleccion(IdPostulante,CodOferta,CodDirector,Resultado)
VALUES 
('0001',1,'0001','Seleccionado'),
('0002',1,'0001','Seleccionado'),
('0003',1,'0001','No aprobado'),
('0004',1,'0001','No aprobado'),
('0005',1,'0001','Seleccionado'),
('0006',1,'0001','Seleccionado'),
('0007',1,'0001','No aprobado'),
('0008',1,'0001','No aprobado'),
('0009',1,'0001','No aprobado'),
('0010',1,'0001','Seleccionado'),
('0011',1,'0001','Contratado'),
('0012',1,'0001','No aprobado'),

('0002', 2, '0001', 'En evaluacion'),
('0013',2,'0001','En evaluacion'),
('0014',2,'0001','En evaluacion'),
('0015',2,'0001','En evaluacion'),
('0016',2,'0001','En evaluacion'),
('0017',2,'0001','En evaluacion'),
('0018',2,'0001','En evaluacion'),
('0019',2,'0001','En evaluacion'),
('0020',2,'0001','En evaluacion'),
('0021',2,'0001','En evaluacion'),
('0022',2,'0001','En evaluacion'),
('0023',2,'0001','En evaluacion'),
('0024',2,'0001','En evaluacion'),

('0002', 3, '0001', 'En evaluacion'),
('0025',3,'0001','En evaluacion'),
('0026',3,'0001','En evaluacion'),
('0027',3,'0001','En evaluacion'),
('0028',3,'0001','En evaluacion'),
('0029',3,'0001','En evaluacion'),
('0030',3,'0001','En evaluacion'),
('0031',3,'0001','En evaluacion'),
('0032',3,'0001','En evaluacion'),
('0033',3,'0001','En evaluacion'),
('0034',3,'0001','En evaluacion'),
('0035',3,'0001','En evaluacion'),
('0036',3,'0001','En evaluacion');